CASE_ID,ACCIDENT_YEAR,PROC_DATE,JURIS,COLLISION_DATE,COLLISION_TIME,OFFICER_ID,REPORTING_DISTRICT,DAY_OF_WEEK,CHP_SHIFT,POPULATION,CNTY_CITY_LOC,SPECIAL_COND,BEAT_TYPE,CHP_BEAT_TYPE,CITY_DIVISION_LAPD,CHP_BEAT_CLASS,BEAT_NUMBER,PRIMARY_RD,SECONDARY_RD,DISTANCE,DIRECTION,INTERSECTION,WEATHER_1,WEATHER_2,STATE_HWY_IND,CALTRANS_COUNTY,CALTRANS_DISTRICT,STATE_ROUTE,ROUTE_SUFFIX,POSTMILE_PREFIX,POSTMILE,LOCATION_TYPE,RAMP_INTERSECTION,SIDE_OF_HWY,TOW_AWAY,COLLISION_SEVERITY,NUMBER_KILLED,NUMBER_INJURED,PARTY_COUNT,PRIMARY_COLL_FACTOR,PCF_CODE_OF_VIOL,PCF_VIOL_CATEGORY,PCF_VIOLATION,PCF_VIOL_SUBSECTION,HIT_AND_RUN,TYPE_OF_COLLISION,MVIW,PED_ACTION,ROAD_SURFACE,ROAD_COND_1,ROAD_COND_2,LIGHTING,CONTROL_DEVICE,CHP_ROAD_TYPE,PEDESTRIAN_ACCIDENT,BICYCLE_ACCIDENT,MOTORCYCLE_ACCIDENT,TRUCK_ACCIDENT,NOT_PRIVATE_PROPERTY,ALCOHOL_INVOLVED,STWD_VEHTYPE_AT_FAULT,CHP_VEHTYPE_AT_FAULT,COUNT_SEVERE_INJ,COUNT_VISIBLE_INJ,COUNT_COMPLAINT_PAIN,COUNT_PED_KILLED,COUNT_PED_INJURED,COUNT_BICYCLIST_KILLED,COUNT_BICYCLIST_INJURED,COUNT_MC_KILLED,COUNT_MC_INJURED,PRIMARY_RAMP,SECONDARY_RAMP,LATITUDE,LONGITUDE,COUNTY,CITY,POINT_X,POINT_Y
90392890,2017,2017-02-14,9330,2017-02-02,808,21337,,4,1,5,4311,0,1,3,,2,76,SR-85 S/B,FREMONT AVE.,3168,N,N,B,-,Y,,,85,,,,,,S,Y,4,0,1,2,A,-,3,22350,,N,C,C,A,B,H,-,A,D,0,,,,,Y,,A,1,0,0,1,0,0,0,0,0,0,-,-,37.36108,-122.06304,SANTA CLARA,MOUNTAIN VIEW,-122.06302648,37.36107958
90392562,2017,2017-02-14,9340,2017-02-08,1755,20684,,3,2,4,4307,0,1,3,,2,85,SR-85 S/B,WINCHESTER BLVD,150,S,N,B,-,Y,,,85,,,,,,S,Y,4,0,1,3,A,-,3,22350,,N,C,D,A,A,H,-,C,D,0,,,,,Y,,A,1,0,0,1,0,0,0,0,0,0,-,-,37.25816,-121.96183,SANTA CLARA,LOS GATOS,-121.96199607,37.25769199
90392330,2017,2017-02-14,9340,2017-02-08,1019,18680,,3,1,7,4313,0,1,1,,2,282,I-280 N/B,SARATOGA AVE,2000,S,N,C,-,Y,,,280,,,,,,N,N,4,0,1,3,A,-,3,22350,,N,C,C,A,B,H,-,A,D,0,,,,,Y,,A,7,0,0,1,0,0,0,0,0,0,-,-,37.3173,-121.9735,SANTA CLARA,SAN JOSE,-121.97362649,37.31686419
90392291,2017,2017-02-14,9340,2017-02-07,1730,21249,,2,2,6,4314,0,1,2,,2,120,US101 N/B,GREAT AMERICA PKY,200,N,N,B,-,Y,,,,,,,,,,Y,4,0,1,2,A,-,3,22350,,N,C,C,A,A,H,-,B,D,0,,,,,Y,,A,1,0,0,1,0,0,0,0,0,0,-,-,37.2398,-121.5844,SANTA CLARA,SANTA CLARA,-121.97750768,37.38599648
90392283,2017,2017-02-14,9340,2017-02-02,500,21529,,4,3,7,4313,0,1,3,,2,83,SR-85 NB TO SR-87 NB,SANTA TERESA BLVD,1584,S,N,C,-,Y,,,,,,,,,,Y,3,0,1,5,A,-,8,22107,,N,E,I,A,B,H,-,D,D,0,,,,,Y,,A,1,0,1,0,0,0,0,0,0,0,-,-,37.15208,-121.51131,SANTA CLARA,SAN JOSE,-121.85892,37.25566
90391781,2017,2017-02-13,9340,2017-02-07,1810,20999,,2,2,7,4313,0,1,1,,2,281,I-280 N/B (TO 7TH ST),7TH ST,80,S,N,B,-,Y,,,280,,,,,,N,N,4,0,2,2,A,-,3,22350,,N,C,C,A,B,H,-,D,D,0,,,,,Y,,A,1,0,0,2,0,0,0,0,0,0,-,-,37.32828,-121.87537,SANTA CLARA,SAN JOSE,-121.87534094,37.32799767
90391485,2017,2017-02-13,9340,2017-02-06,1325,20091,,1,1,7,4313,0,1,3,,2,172,SR-17 N/B,I-280,500,S,N,B,-,Y,,,17,,,,,,N,Y,4,0,1,2,A,-,17,21658,,N,E,I,A,A,H,-,A,D,0,,,,,Y,,A,1,0,0,1,0,0,0,0,0,0,-,-,37.31077,-121.94047,SANTA CLARA,SAN JOSE,-121.94060627,37.31076993
90391461,2017,2017-02-13,9340,2017-02-05,1450,21135,,7,2,7,4313,0,1,2,,2,120,US101 N/B,OAKLAND RD,500,N,N,B,-,Y,,,101,,,,,,N,Y,4,0,1,2,A,-,3,22350,,N,C,C,A,A,H,-,A,D,0,,,,,Y,,A,1,0,0,1,0,0,0,0,0,0,-,-,37.36381,-121.90074,SANTA CLARA,SAN JOSE,-121.90070764,37.3639865
90391286,2017,2017-02-13,9340,2017-02-03,725,14248,,5,1,7,4313,0,1,1,,2,88,I-880 SOUTHBOUND,STEVENS CREEK BLVD,500,S,N,B,-,Y,,,880,,,,,,S,Y,4,0,1,2,A,-,3,22350,,N,C,C,A,B,H,-,A,D,0,,,,,Y,,A,7,0,0,1,0,0,0,0,0,0,-,-,37.31989,-121.94092,SANTA CLARA,SAN JOSE,-121.94041707,37.31993618
90391231,2017,2017-02-13,9340,2017-02-04,220,21092,,6,3,5,4303,0,1,1,,2,282,I-280 S/B,WOLFE RD,1320,N,N,B,C,Y,,,280,,,,,,S,Y,3,0,1,1,A,-,1,23152,A,N,B,I,A,B,H,-,D,D,0,,,,,Y,Y,A,1,0,1,0,0,0,0,0,0,0,-,-,37.33377,-122.02127,SANTA CLARA,CUPERTINO,-122.02129658,37.33367819
90391075,2017,2017-02-13,9330,2017-02-04,300,21197,,6,3,5,4311,0,1,2,,2,78,US-101 NORTHBOUND,ELLIS ST,300,N,N,B,-,Y,,,101,,,,,,N,Y,2,0,1,1,A,-,1,23152,A,N,E,I,A,B,H,-,C,D,0,,,,,Y,Y,A,1,1,0,0,0,0,0,0,0,0,-,-,37.40465,-122.05284,SANTA CLARA,MOUNTAIN VIEW,-122.05284242,37.40464163
90390382,2017,2017-02-10,9340,2017-02-07,1130,16633,,2,1,7,4313,0,1,1,,2,88,I-880 N/B,STEVENS CREEK BLVD,241,S,N,B,-,Y,,,,,,,,,,Y,4,0,2,2,A,-,3,22350,,N,C,C,A,B,H,-,A,D,0,,,,,Y,,A,1,0,0,2,0,0,0,0,0,0,-,-,37.32235,-121.93945,SANTA CLARA,SAN JOSE,-121.94056,37.32313
90390372,2017,2017-02-10,9340,2017-02-06,1700,21425,,1,2,4,4302,0,2,4,,2,510,SAN TOMAS EXPY N/B,HAMILTON AVE,600,S,N,B,-,N,,,,,,,,,,Y,4,0,2,2,A,-,3,22350,,N,C,C,A,B,H,-,A,D,0,,,,,Y,,A,7,0,0,2,0,0,0,0,0,0,-,-,37.17329,-121.5738,SANTA CLARA,CAMPBELL,-121.9607777,37.29268367
90390342,2017,2017-02-10,9340,2017-02-06,345,20942,,1,3,4,4307,0,1,3,,2,171,SR-17 N/B,SUMMIT RD,1240,N,N,C,-,Y,,,,,,,,,,Y,4,0,1,1,A,-,8,22107,,N,E,I,A,B,H,-,D,D,0,,,,,Y,,A,8,0,0,1,0,0,0,0,0,0,-,-,37.14859,-121.98717,SANTA CLARA,LOS GATOS,-121.98788,37.14770021
90390336,2017,2017-02-10,9340,2017-02-06,1105,18562,,1,1,9,4300,0,1,3,,2,171,SR-17 S/B,MADRONE DR.,1600,S,N,B,C,Y,,,,,,,,,,Y,3,0,2,1,A,-,3,22350,,N,E,I,A,B,H,-,A,D,0,,,,,Y,,A,7,0,1,1,0,0,0,0,0,0,-,-,37.91283,-121.59787,SANTA CLARA,UNINCORPORATED,-121.98556981,37.15408928
90390331,2017,2017-02-10,9340,2017-02-05,1350,21348,,7,1,9,4300,0,1,3,,2,171,SR-17 N/B,REDWOOD ESTATES,1520,S,N,B,-,Y,,,,,,,,,,Y,4,0,1,1,A,-,8,22107,,N,E,I,A,B,H,-,A,D,0,,,,,Y,,A,7,0,0,1,0,0,0,0,0,0,-,-,37.91875,-121.59619,SANTA CLARA,UNINCORPORATED,-121.9842921,37.15552316
90390330,2017,2017-02-10,9340,2017-02-06,1715,17089,,1,2,5,4303,0,1,3,,2,85,SR-85 S/B,DE ANZA BOULEVARD,200,S,N,B,C,Y,,,,,,,,,,N,4,0,1,2,A,-,3,22350,,N,C,C,A,B,H,-,A,D,0,,,,,Y,,A,1,0,0,1,0,0,0,0,0,0,-,-,37.29761,-122.02923,SANTA CLARA,CUPERTINO,-122.031934,37.30055608
90390298,2017,2017-02-10,9340,2017-02-04,530,21358,,6,3,6,4314,0,2,4,,2,610,LAWRENCE EXPY,EL CAMINO REAL,1170,S,N,A,-,N,,,,,,,,,,Y,3,0,1,1,A,-,8,22107,,N,E,I,A,B,H,-,D,D,0,,,,,Y,,A,7,0,1,0,0,0,0,0,0,0,-,-,37.34895,-121.99596,SANTA CLARA,SANTA CLARA,-121.99655,37.35219
90390289,2017,2017-02-10,9340,2017-02-04,910,21347,,6,1,7,4313,0,1,1,,2,281,I-280 N/B,US 101 U/C,770,N,N,A,-,Y,,,280,,,,,,N,Y,4,0,1,1,A,-,8,22107,,N,E,I,A,A,H,-,A,D,0,,,,,Y,,A,1,0,0,1,0,0,0,0,0,0,-,-,37.33857,-121.8541,SANTA CLARA,SAN JOSE,-121.85408087,37.33853867
90390224,2017,2017-02-10,9340,2017-02-02,1808,21425,,4,2,7,4313,0,1,2,,2,110,I-880 N/B TO OAKLAND ROAD,OAKLAND ROAD,15,S,N,C,-,Y,,,,,,,,,,N,4,0,1,2,A,-,21,22106,,N,C,C,A,B,H,-,C,A,0,,,,,Y,,A,1,0,0,1,0,0,0,0,0,0,-,-,37.21484,-121.53286,SANTA CLARA,SAN JOSE,,
90390212,2017,2017-02-10,9340,2017-02-02,1640,21425,,4,2,7,4313,0,1,1,,2,88,I-880 N/B,1ST ST,700,S,N,C,-,Y,,,,,,,,,,N,4,0,1,2,A,-,3,22350,,N,C,C,A,B,H,-,A,D,0,,,,,Y,,A,1,0,0,1,0,0,0,0,0,0,-,-,37.21279,-121.54272,SANTA CLARA,SAN JOSE,-121.90864778,37.35676673
90389976,2017,2017-02-09,9340,2017-02-05,2230,13097,,7,3,6,4316,0,2,4,,2,610,LAWRENCE EXPWY N/B,ARQUES AVE,500,S,N,B,C,N,,,,,,,,,,Y,4,0,1,1,A,-,8,22107,,N,E,I,A,B,H,-,D,D,0,,,,,Y,,A,1,0,0,1,0,0,0,0,0,0,-,-,37.37909,-121.99575,SANTA CLARA,SUNNYVALE,-121.99600956,37.37911663
90389949,2017,2017-02-09,9340,2017-02-04,1650,21158,,6,2,7,4313,0,1,1,,2,281,I-280 N/B,7TH STREET,200,S,N,A,-,Y,,,280,,,,,,N,Y,4,0,1,2,A,-,3,22350,,N,C,C,A,A,H,-,A,D,0,,,,,Y,,A,7,0,0,1,0,0,0,0,0,0,-,-,37.32802,-121.87534,SANTA CLARA,SAN JOSE,-121.87533774,37.327998
90389884,2017,2017-02-09,9725,2017-02-08,1035,20424,,3,1,9,4300,0,3,5,,2,1,DAY ROAD,GERI LANE,600,E,N,B,-,N,,,,,,,,,,Y,3,0,1,1,A,-,1,23152,A,N,E,I,A,B,H,-,A,D,0,,,,,Y,Y,A,7,0,1,0,0,0,0,0,0,0,-,-,37.0428,-121.61534,SANTA CLARA,UNINCORPORATED,-121.61559888,37.04252203
90389879,2017,2017-02-09,9340,2017-02-03,1045,21358,,5,1,7,4313,0,1,3,,2,87,SR-87 N/B,US101,1000,S,N,A,-,Y,,,87,,,,,,N,Y,4,0,1,1,A,-,1,23152,A,N,E,I,A,A,H,-,A,D,0,,,,,Y,Y,A,1,0,0,1,0,0,0,0,0,0,-,-,37.36996,-121.9261,SANTA CLARA,SAN JOSE,-121.92620836,37.36986393
90389826,2017,2017-02-09,9725,2017-02-07,743,20424,,2,1,7,4313,0,1,2,,2,13,US-101 N/B,BAILEY AVE,2640,S,N,B,C,Y,,,101,,,,,,N,Y,4,0,1,2,A,-,3,22350,,N,C,C,A,B,H,-,A,D,0,,,,,Y,,A,1,0,0,1,0,0,0,0,0,0,-,-,37.20037,-121.70699,SANTA CLARA,SAN JOSE,-121.70700318,37.20034798
90389812,2017,2017-02-09,9725,2017-02-06,640,20424,,1,1,9,4300,0,1,2,,1,10,US-101 N/B,SR-25,4000,N,N,B,C,Y,,,,,,,,,,Y,4,0,1,2,A,-,7,21658,A,N,B,C,A,B,H,-,A,D,0,,,,Y,Y,,G,25,0,0,1,0,0,0,0,0,0,-,-,37.9309,-121.55426,SANTA CLARA,UNINCORPORATED,-121.55395942,36.97195211
90389687,2017,2017-02-09,9330,2017-02-03,842,20759,,5,1,5,4312,0,1,1,,2,74,JUNIPERO SERRA BLVD,SANTA MARIA AVE,1056,S,N,B,-,N,,,,,,,,,,Y,4,0,1,2,A,-,9,21804,A,N,D,C,A,B,H,-,A,D,0,,,,,Y,,A,1,0,0,1,0,0,0,0,0,0,-,-,37.41301,-122.16732,SANTA CLARA,PALO ALTO,-122.16508711,37.41253237
90389567,2017,2017-02-09,9340,2017-02-03,918,21114,,5,1,7,4313,0,1,1,,2,281,I 280 N/B (FROM PARKMOOR AVE.),LEIGH AVE,110,N,N,B,-,Y,,,280,,,,,,N,Y,4,0,1,2,A,-,3,22350,,N,C,C,A,A,H,-,A,A,0,,,,,Y,,A,1,0,0,1,0,0,0,0,0,0,-,-,37.3171,-121.92429,SANTA CLARA,SAN JOSE,-121.92428596,37.31691123
90389538,2017,2017-02-09,9340,2017-02-02,1815,21316,,4,2,6,4316,0,1,3,,2,220,"SR-237 E/B, (FROM N MATHILDA AVE)",N MATHILDA AVE,20,E,N,B,-,Y,,,237,,,,,,E,N,4,0,1,2,A,-,3,22350,,N,D,G,A,B,H,-,C,A,0,,Y,,,Y,,A,1,0,0,1,0,0,0,1,0,0,-,-,37.40251,-122.02667,SANTA CLARA,SUNNYVALE,-122.02673976,37.40299579
90389455,2017,2017-02-09,9340,2017-02-02,835,14248,,4,1,5,4308,0,1,1,,2,89,I-880 SOUTHBOUND,DIXON LANDING RD,300,N,N,B,-,Y,,,880,,,,,,S,Y,4,0,2,4,A,-,3,22350,,N,C,C,A,A,H,-,A,D,0,,,,,Y,,A,7,0,0,2,0,0,0,0,0,0,-,-,37.44955,-121.92213,SANTA CLARA,MILPITAS,-121.92212242,37.44955141
90389453,2017,2017-02-09,9725,2017-02-04,1755,20854,,6,2,9,4300,0,3,5,,2,1,FOOTHILL AVENUE,CHURCH AVENUE,0,,Y,A,-,N,,,,,,,,,,Y,4,0,1,2,A,-,12,22450,A,N,D,C,A,A,H,-,B,A,0,,,,,Y,,A,7,0,0,1,0,0,0,0,0,0,-,-,37.07766,-121.57211,SANTA CLARA,UNINCORPORATED,-121.5720799,37.07766001
90389349,2017,2017-02-09,9340,2017-02-04,1325,21316,,6,1,7,4313,0,1,2,,2,110,US101 N/B,TULLY RD,2500,N,N,A,-,Y,,,101,,,,,,N,Y,4,0,1,3,A,-,3,22350,,N,C,C,A,A,H,-,A,D,0,,,,,Y,,A,1,0,0,1,0,0,0,0,0,0,-,-,37.32426,-121.83694,SANTA CLARA,SAN JOSE,-121.83695815,37.32424323
90389341,2017,2017-02-09,9725,2017-01-23,1120,20854,,1,1,9,4300,0,3,5,,2,3,MONTEREY ROAD,BURBANK AVENUE,0,,Y,A,-,N,,,,,,,,,,Y,4,0,4,2,A,-,9,21801,A,N,D,C,A,A,H,-,A,D,0,,,,,Y,,D,22,0,0,4,0,0,0,0,0,0,-,-,37.08566,-121.61091,SANTA CLARA,UNINCORPORATED,-121.61077986,37.08570006
90389305,2017,2017-02-09,9330,2017-01-30,1535,21337,,1,2,5,4312,0,1,2,,2,78,US-101 N/B,SAN ANTONIO RD,200,S,N,A,-,Y,,,101,,,,,,N,N,4,0,1,3,A,-,3,22350,,N,C,A,A,A,H,-,A,D,0,,,,,Y,,A,1,0,0,1,0,0,0,0,0,0,-,-,37.42797,-122.10093,SANTA CLARA,PALO ALTO,-122.10090943,37.42799138
90389227,2017,2017-02-09,9725,2017-02-04,1000,20787,,6,1,9,4300,0,2,4,,1,20,UVAS RD,CROY RD,500,S,N,B,-,N,,,,,,,,,,N,3,0,1,2,A,-,0,21760,D,F,B,G,A,A,H,-,A,D,0,,Y,,,Y,,-,99,0,1,0,0,0,0,1,0,0,-,-,37.10717,-121.73073,SANTA CLARA,UNINCORPORATED,-121.73103587,37.10751352
90388644,2017,2017-02-08,9330,2017-01-24,750,18089,,2,1,5,4312,0,1,2,,2,78,US-101 NORTHBOUND,EMBARCADERO RD O/C,40,S,N,A,-,Y,,,,,,,,,,N,4,0,1,2,A,-,3,22350,,N,C,C,A,B,H,-,A,D,0,,,,,Y,,A,7,0,0,1,0,0,0,0,0,0,-,-,,,SANTA CLARA,PALO ALTO,-122.12281394,37.44884417
90388612,2017,2017-02-08,9725,2017-02-07,1427,13278,,2,2,9,4300,0,1,3,,1,160,SR-152,BLOOMFIELD AVE.,10560,E,N,B,C,Y,,,152,,,,,,,N,4,0,1,2,A,-,3,22350,,N,C,C,A,B,F,-,A,D,0,,,,,Y,,A,1,0,0,1,0,0,0,0,0,0,-,-,36.98759,-121.4556,SANTA CLARA,UNINCORPORATED,-121.45559542,36.98769178
90388437,2017,2017-07-18,9330,2017-01-28,435,21253,,6,3,4,4305,0,1,1,,2,74,I280 SOUTHBOUND,EL MONTE ROAD,2640,N,N,A,-,Y,,,,,,,,,,N,4,0,3,1,A,-,8,22107,,N,E,I,A,A,H,-,D,D,0,,,,,Y,,A,1,0,0,3,0,0,0,0,0,0,-,-,37.36448,-122.12704,SANTA CLARA,LOS ALTOS,,
90388429,2017,2017-02-08,9330,2017-01-23,1445,20191,,1,2,5,4311,0,1,2,,2,78,US-101 N/B,OREGON EXPWY,900,N,N,A,-,Y,,,,,,,,,,Y,4,0,2,3,A,-,3,22350,,N,C,C,A,B,H,-,A,D,0,,,,,Y,,A,1,0,0,2,0,0,0,0,0,0,-,-,37.45096,-122.1249,SANTA CLARA,MOUNTAIN VIEW,,
90388358,2017,2017-02-08,9340,2017-02-02,2010,21234,,4,2,7,4313,0,1,2,,2,120,US101 S/B,10TH ST,100,S,N,C,-,Y,,,101,,,,,,S,N,4,0,1,2,A,-,3,22350,,N,C,C,A,B,H,-,B,D,0,,,,,Y,,-,99,0,0,1,0,0,0,0,0,0,-,-,37.36345,-121.89754,SANTA CLARA,SAN JOSE,-121.89754021,37.3634474
90388340,2017,2017-02-08,9725,2017-01-21,1245,14585,,6,1,9,4300,0,1,3,,1,160,SR-152,FRAZER LAKE RD.,0,,Y,B,-,Y,,,152,,,,,,,Y,4,0,2,2,A,-,12,22450,A,N,D,C,A,B,H,-,A,A,0,,,,,Y,,A,1,0,0,2,0,0,0,0,0,0,-,-,36.99918,-121.52508,SANTA CLARA,UNINCORPORATED,-121.52508,36.99924494
90388336,2017,2017-02-08,9340,2017-02-02,1500,21029,,4,2,7,4313,0,1,1,,2,282,I-280 S/B,SARATOGA AVE,1700,N,N,C,-,Y,,,280,,,,,,S,Y,4,0,8,3,A,-,3,22350,,N,C,C,A,B,H,-,A,D,0,,,,,Y,,A,1,0,0,8,0,0,0,0,0,0,-,-,37.31804,-121.98089,SANTA CLARA,SAN JOSE,-121.98089022,37.31800394
90388295,2017,2017-02-08,9340,2017-02-02,2005,18764,,4,2,7,4313,0,1,3,,2,87,SR-87 S/B,BRANHAM LANE,200,S,N,C,-,Y,,,,,,,,,,Y,3,0,1,2,A,-,3,22350,,N,C,C,A,B,H,-,D,D,0,,,,,Y,,A,1,0,1,0,0,0,0,0,0,0,-,-,37.9999,-121.9999,SANTA CLARA,SAN JOSE,,
90388294,2017,2017-02-08,9725,2017-02-01,340,20781,,3,3,9,4300,0,1,3,,1,160,SR-152,FERGUSON RD,10,W,N,A,-,Y,,,152,,,,,,,Y,4,0,1,1,A,-,3,22350,,N,F,A,A,A,H,-,D,A,0,,,,Y,Y,,G,27,0,0,1,0,0,0,0,0,0,-,-,37.00999,-121.51606,SANTA CLARA,UNINCORPORATED,-121.51608787,37.010026
90388276,2017,2017-02-08,9330,2017-01-23,1925,21253,,1,2,5,4312,0,1,2,,2,78,US-101 NORTHBOUND TO EMBARCADERO ROAD,EMBARCADERO RD,5,S,N,B,-,Y,,,,,,,,,,N,4,0,1,2,A,-,3,22350,,N,C,C,A,B,H,-,C,A,0,,,,,Y,,A,1,0,0,1,0,0,0,0,0,0,-,-,37.4035,-122.04904,SANTA CLARA,PALO ALTO,-122.12288926,37.44891926
90388078,2017,2017-02-07,9725,2017-01-31,1640,20967,,2,2,9,4300,0,3,5,,2,1,GILMAN RD,CAMINO ARROYO,1584,E,N,A,-,N,,,,,,,,,,Y,4,0,1,1,A,-,8,22107,,N,E,I,A,A,H,-,A,D,0,,,,,Y,,A,7,0,0,1,0,0,0,0,0,0,-,-,37.01316,-121.55095,SANTA CLARA,UNINCORPORATED,-121.5514121,37.01298291
90388067,2017,2017-02-07,9725,2017-01-30,1715,20967,,1,2,9,4300,0,1,2,,1,10,US 101 S/B,CASTRO VALLEY RD,150,S,N,A,-,Y,,,,,,,,,,Y,4,0,1,2,A,-,3,22350,,N,C,C,A,A,H,-,A,D,0,,,,,Y,,A,1,0,0,1,0,0,0,0,0,0,-,-,36.96815,-121.55319,SANTA CLARA,UNINCORPORATED,-121.55319145,36.96847907
90387324,2017,2017-02-07,9725,2017-01-30,630,20787,,1,1,4,4310,0,1,2,,2,12,US-101 N/B,TENNANT AVE,600,S,N,A,-,Y,,,,,,,,,,Y,4,0,1,3,A,-,7,21658,A,N,B,C,A,A,H,-,A,D,0,,,Y,Y,Y,,A,8,0,0,1,0,0,0,0,0,1,-,-,37.11375,-121.62233,SANTA CLARA,MORGAN HILL,-121.62611,37.11927
90387318,2017,2017-02-07,9340,2017-01-08,1245,19376,,7,1,5,4308,0,1,1,,2,89,INTERSTATE 880 NORTHBOUND,CLAVERAS BLVD.,800,N,N,B,C,Y,,,880,,,,,,N,Y,4,0,1,3,A,-,7,21658,A,N,B,C,A,B,H,-,A,D,0,,,,Y,Y,,F,55,0,0,1,0,0,0,0,0,0,-,-,37.4258,-121.91641,SANTA CLARA,MILPITAS,-121.91645325,37.42578648
90387175,2017,2017-02-07,9340,2017-01-31,750,16633,,2,1,7,4313,0,1,1,,2,89,I-880 S/B,BROKAW RD,621,N,N,A,-,Y,,,880,,,,,,S,Y,4,0,1,6,A,-,3,22350,,M,C,C,A,A,H,-,A,D,0,,,,,Y,,A,1,0,0,1,0,0,0,0,0,0,-,-,37.39549,-121.90762,SANTA CLARA,SAN JOSE,-121.90763056,37.39548751
90387135,2017,2017-02-07,9340,2017-02-02,2030,18076,,4,2,9,4300,0,3,5,,2,70,BASCOM AVE. N/B,ELLIOTT ST,75,N,N,C,-,N,,,,,,,,,,N,2,0,1,2,A,-,11,21954,A,N,G,B,D,B,H,-,D,D,0,Y,,,,Y,Y,N,60,1,0,0,0,1,0,0,0,0,-,-,37.34789,-121.67294,SANTA CLARA,UNINCORPORATED,-121.93197286,37.32186578
90387095,2017,2017-02-07,9340,2017-01-09,625,21425,,1,1,5,4308,0,1,1,,2,681,I-680 S/B,SCOTT CREEK RD O/C,2640,S,N,B,-,Y,,,,,,,,,,N,4,0,1,2,D,-,0,,,N,B,C,A,B,H,-,B,D,0,,,,,Y,,-,-,0,0,1,0,0,0,0,0,0,-,-,37.27366,-121.54297,SANTA CLARA,MILPITAS,,
90386945,2017,2017-02-06,9725,2017-01-25,930,20854,,3,1,9,4300,0,3,5,,2,3,HALE AVENUE,MIRAMONTE AVENUE,930,N,N,A,-,N,,,,,,,,,,Y,3,0,1,2,A,-,3,22350,,F,E,I,A,D,B,-,A,D,0,,,,,Y,,-,99,0,1,0,0,0,0,0,0,0,-,-,37.16597,-121.70613,SANTA CLARA,UNINCORPORATED,-121.7059676,37.16591111
90386724,2017,2017-02-06,9330,2017-01-27,1800,20900,,5,2,5,4311,0,1,2,,2,78,US-101 SB,SHORELINE BLVD,1584,N,N,A,-,Y,,,101,,,,,,S,Y,4,0,2,2,A,-,3,22350,,N,C,C,A,A,H,-,D,D,0,,,,,Y,,A,7,0,0,2,0,0,0,0,0,0,-,-,37.41232,-122.07971,SANTA CLARA,MOUNTAIN VIEW,-122.07964561,37.41247964
90386687,2017,2017-02-06,9340,2017-02-02,945,21358,,4,1,4,4307,0,1,3,,2,171,SR-17 N/B,E MAIN ST,4000,S,N,A,B,Y,,,17,,,,,,N,Y,4,0,2,5,A,-,3,22350,,N,C,C,A,B,H,-,A,D,0,,,,,Y,,A,1,0,0,2,0,0,0,0,0,0,-,-,37.21188,-121.98878,SANTA CLARA,LOS GATOS,-121.98883081,37.21194891
90386658,2017,2017-02-06,9340,2017-02-01,1920,21425,,3,2,7,4313,0,1,1,,2,88,I-880 N/B,STEVENS CREEK BLVD,1800,N,N,B,-,Y,,,,,,,,,,N,4,0,1,3,A,-,3,22350,,N,C,C,A,A,H,-,C,D,0,,,,,Y,,A,1,0,0,1,0,0,0,0,0,0,-,-,37.19425,-121.56273,SANTA CLARA,SAN JOSE,-121.94075996,37.328218