CASE_ID,ACCIDENT_YEAR,PROC_DATE,JURIS,COLLISION_DATE,COLLISION_TIME,OFFICER_ID,REPORTING_DISTRICT,DAY_OF_WEEK,CHP_SHIFT,POPULATION,CNTY_CITY_LOC,SPECIAL_COND,BEAT_TYPE,CHP_BEAT_TYPE,CITY_DIVISION_LAPD,CHP_BEAT_CLASS,BEAT_NUMBER,PRIMARY_RD,SECONDARY_RD,DISTANCE,DIRECTION,INTERSECTION,WEATHER_1,WEATHER_2,STATE_HWY_IND,CALTRANS_COUNTY,CALTRANS_DISTRICT,STATE_ROUTE,ROUTE_SUFFIX,POSTMILE_PREFIX,POSTMILE,LOCATION_TYPE,RAMP_INTERSECTION,SIDE_OF_HWY,TOW_AWAY,COLLISION_SEVERITY,NUMBER_KILLED,NUMBER_INJURED,PARTY_COUNT,PRIMARY_COLL_FACTOR,PCF_CODE_OF_VIOL,PCF_VIOL_CATEGORY,PCF_VIOLATION,PCF_VIOL_SUBSECTION,HIT_AND_RUN,TYPE_OF_COLLISION,MVIW,PED_ACTION,ROAD_SURFACE,ROAD_COND_1,ROAD_COND_2,LIGHTING,CONTROL_DEVICE,CHP_ROAD_TYPE,PEDESTRIAN_ACCIDENT,BICYCLE_ACCIDENT,MOTORCYCLE_ACCIDENT,TRUCK_ACCIDENT,NOT_PRIVATE_PROPERTY,ALCOHOL_INVOLVED,STWD_VEHTYPE_AT_FAULT,CHP_VEHTYPE_AT_FAULT,COUNT_SEVERE_INJ,COUNT_VISIBLE_INJ,COUNT_COMPLAINT_PAIN,COUNT_PED_KILLED,COUNT_PED_INJURED,COUNT_BICYCLIST_KILLED,COUNT_BICYCLIST_INJURED,COUNT_MC_KILLED,COUNT_MC_INJURED,PRIMARY_RAMP,SECONDARY_RAMP,LATITUDE,LONGITUDE,COUNTY,CITY,POINT_X,POINT_Y
90374796,2017,2017-01-23,9340,2017-01-15,1545,21029,,7,2,7,4313,0,1,1,,2,281,I-280 N/B,MERIDIAN AVE,1000,N,N,A,-,Y,,,280,,,,,,N,Y,4,0,1,2,A,-,7,21658,A,F,B,C,A,A,H,-,A,D,0,,,,,Y,,-,99,0,0,1,0,0,0,0,0,0,-,-,37.31656,-121.92205,SANTA CLARA,SAN JOSE,-121.9220549,37.3169448
90374699,2017,2017-03-13,9725,2017-01-16,1820,20120,,1,2,9,4300,0,1,3,,1,160,SR-152 W/B,CANADA RD,528,E,N,A,-,Y,,,152,,,,,,W,Y,4,0,1,4,A,-,3,22350,,N,C,C,A,A,H,-,D,D,0,,,,,Y,,A,1,0,0,1,0,0,0,0,0,0,-,-,37.00449,-121.50935,SANTA CLARA,UNINCORPORATED,-121.50939922,37.00443911
90374587,2017,2017-03-13,9725,2017-01-06,1245,19217,,5,1,9,4300,0,1,3,,1,170,SR-152 W/B,DINOSAUR POINT RD,4118,W,N,A,-,Y,,,152,,,,,,W,Y,2,0,2,2,A,-,7,21658,A,N,B,C,A,A,H,-,A,D,0,,,,Y,Y,,A,1,1,1,0,0,0,0,0,0,0,-,-,37.06215,-121.23207,SANTA CLARA,UNINCORPORATED,-121.23204878,37.06210289
90374479,2017,2017-04-26,9340,2017-01-15,2132,20893,,7,2,7,4313,0,1,1,,2,281,I-280 S/B,RACE ST,490,N,N,B,-,Y,,,280,,,,,,S,Y,2,0,2,3,A,-,3,22350,,F,C,C,A,B,H,-,D,D,0,,,,,Y,Y,A,1,1,1,0,0,0,0,0,0,0,-,-,37.3147,-121.9128,SANTA CLARA,SAN JOSE,-121.91280217,37.31467854
90374469,2017,2017-04-26,9340,2017-01-15,2131,20893,,7,2,7,4313,0,1,1,,2,281,I-280 S/B,RACE ST,500,N,N,B,-,Y,,,280,,,,,,S,Y,2,0,1,2,A,-,3,22350,,N,C,C,A,B,H,-,D,D,0,,,,,Y,Y,A,1,1,0,0,0,0,0,0,0,0,-,-,37.3147,-121.9128,SANTA CLARA,SAN JOSE,-121.91280217,37.31467854
90374468,2017,2017-04-26,9340,2017-01-15,2130,20893,,7,2,7,4313,0,1,1,,2,281,I-280 S/B,RACE ST,510,N,N,B,-,Y,,,280,,,,,,S,Y,2,0,1,1,A,-,1,23152,A,F,E,I,A,B,H,-,D,D,0,,,,,Y,Y,A,1,1,0,0,0,0,0,0,0,0,-,-,37.3147,-121.9128,SANTA CLARA,SAN JOSE,-121.91280217,37.31467854
90374466,2017,2017-02-16,9340,2017-01-08,1425,21158,,7,2,7,4313,0,1,1,,2,281,I-280 S/B,1ST ST,50,N,N,B,C,Y,,,280,,,,,,S,Y,4,0,1,2,A,-,7,21658,A,N,B,C,A,B,H,-,A,D,0,,,,,Y,,A,7,0,0,1,0,0,0,0,0,0,-,-,37.32598,-121.88297,SANTA CLARA,SAN JOSE,-121.8830411,37.32613961
90374463,2017,2017-01-23,9340,2017-01-15,2325,21032,,7,3,7,4313,0,1,2,,2,110,US-101 N/B,OAKLAND ROAD,3400,S,N,A,-,Y,,,101,,,,,,N,Y,4,0,5,2,A,-,1,23152,A,N,C,C,A,A,H,-,D,D,0,,,,,Y,Y,A,1,0,0,5,0,0,0,0,0,0,-,-,37.36184,-121.8799,SANTA CLARA,SAN JOSE,-121.8799065,37.3618024
90374003,2017,2017-01-20,9725,2017-01-19,715,18282,,4,1,9,4300,0,1,2,,2,11,US-101 S/B TO LEAVESLEY ROAD,LEAVESLEY RD,50,N,N,B,C,Y,,,,,,,,,,N,4,0,1,2,A,-,3,22350,,N,C,C,A,B,H,-,A,A,0,,,,,Y,,A,1,0,0,1,0,0,0,0,0,0,-,-,37.02243,-121.56757,SANTA CLARA,UNINCORPORATED,-121.5668967,37.02253651
90373832,2017,2017-02-16,9340,2017-01-12,1510,20827,,4,2,7,4313,0,1,1,,2,282,I-280 S/B,SARATOGA AVE.,800,N,N,B,-,Y,,,280,,,,,,S,N,4,0,1,4,A,-,3,22350,,N,C,C,A,A,H,-,A,D,0,,,,,Y,,A,7,0,0,1,0,0,0,0,0,0,-,-,37.31789,-121.9811,SANTA CLARA,SAN JOSE,-121.98110038,37.31800376
90373565,2017,2017-01-20,9725,2017-01-13,1415,20944,,5,2,9,4300,0,1,3,,1,57,US-101 N/B TO SR-129,SR-129,0,,Y,A,-,Y,,,,,,,,,,N,3,0,2,2,A,-,9,21802,A,N,B,C,A,A,H,-,A,D,0,,,,,Y,,D,22,0,2,0,0,0,0,0,0,0,-,-,36.8823,-121.5599,SANTA CLARA,UNINCORPORATED,,
90373510,2017,2017-01-20,9340,2017-01-17,1745,20465,,2,2,6,4316,0,1,3,,2,230,SR-237 W/B,FAIR OAKS AVENUE,10,W,N,A,-,Y,,,237,,,,,,W,Y,4,0,1,2,A,-,3,22350,,N,C,C,A,A,H,-,C,D,0,,,,,Y,,A,1,0,0,1,0,0,0,0,0,0,-,-,37.40672,-122.01101,SANTA CLARA,SUNNYVALE,-122.01097938,37.406587
90373216,2017,2017-01-19,9340,2017-01-17,1745,20574,,2,2,7,4313,0,1,2,,2,110,US-101 S/B,BLOSSOM HILL ROAD,1000,N,N,A,-,Y,,,101,,,,,,S,Y,4,0,1,2,A,-,3,22350,,N,C,C,A,A,H,-,D,D,0,,,,,Y,,D,22,0,0,1,0,0,0,0,0,0,-,-,37.26384,-121.80114,SANTA CLARA,SAN JOSE,-121.80112084,37.26384617
90373215,2017,2017-01-19,9340,2017-01-17,1610,20466,,2,2,5,4308,0,1,1,,2,89,I-880 N/B,MONTAGUE EXPY,300,N,N,A,-,Y,,,,,,,,,,N,3,0,1,2,A,-,3,22350,,N,C,C,A,A,H,-,A,D,0,,,Y,,Y,,C,2,0,1,0,0,0,0,0,0,1,-,-,37.37815,-121.90354,SANTA CLARA,MILPITAS,-121.90906211,37.40249122
90373075,2017,2017-02-17,9340,2017-01-16,1640,21184,,1,2,7,4313,0,1,1,,2,681,I-680 S/B,BERRYESSA RD,1970,S,N,A,-,Y,,,680,,,,,,S,N,4,0,2,2,A,-,3,22350,,N,C,C,A,A,H,-,A,D,0,,,,,Y,,A,1,0,0,2,0,0,0,0,0,0,-,-,37.3801,-121.8585,SANTA CLARA,SAN JOSE,-121.85849063,37.38010874
90373066,2017,2017-01-19,9340,2017-01-16,1810,21029,,1,2,7,4313,0,1,1,,2,89,I-880 S/B,STEVENS CREEK BLVD,2000,N,N,A,-,Y,,,880,,,,,,S,Y,4,0,2,3,A,-,3,22350,,N,C,C,A,A,H,-,D,D,0,,,,,Y,,A,1,0,0,2,0,0,0,0,0,0,-,-,37.32995,-121.94081,SANTA CLARA,SAN JOSE,-121.94074053,37.32992698
90372907,2017,2017-02-17,9340,2017-01-17,2045,13097,,2,2,6,4316,0,2,4,,2,610,LAWRENCE EXPWY N/B FROM ARQUES AVE,ARQUES AVE,100,N,N,B,-,N,,,,,,,,,,N,4,0,1,2,A,-,3,22350,,N,C,C,A,A,H,-,C,D,0,,,,,Y,,A,1,0,0,1,0,0,0,0,0,0,-,-,37.38065,-121.99523,SANTA CLARA,SUNNYVALE,-121.99598259,37.38076471
90372857,2017,2017-01-19,9340,2017-01-16,25,20921,,1,3,6,4314,0,2,4,,2,520,SAN TOMAS EXPY S/B,BENTON ST,500,S,N,A,-,N,,,,,,,,,,Y,4,0,2,2,A,-,3,22350,,N,C,E,A,A,H,-,C,D,0,,,,,Y,,A,1,0,0,2,0,0,0,0,0,0,-,-,37.34527,-121.96893,SANTA CLARA,SANTA CLARA,-121.96907666,37.34498196
90372675,2017,2017-01-19,9340,2017-01-17,645,18680,,2,1,7,4313,0,1,2,,2,120,US101 N/B,BROKAW RD,200,N,N,A,-,Y,,,,,,,,,,Y,4,0,1,4,A,-,3,22350,,N,C,C,A,A,H,-,A,D,0,,,,,Y,,A,1,0,0,1,0,0,0,0,0,0,-,-,37.3766,-121.9957,SANTA CLARA,SAN JOSE,-121.92007708,37.37237931
90372635,2017,2017-01-19,9340,2017-01-09,1035,21347,,1,1,9,4300,0,1,3,,2,171,SR-17 S/B,BRUSH RD,650,S,N,B,-,Y,,,17,,,,,,S,Y,3,0,1,1,A,-,3,22350,,N,E,I,A,B,H,-,A,D,0,,,,,Y,,A,1,0,1,0,0,0,0,0,0,0,-,-,37.1627,-121.99127,SANTA CLARA,UNINCORPORATED,-121.99134759,37.16267305
90372619,2017,2017-01-19,9340,2017-01-11,1425,21339,,3,2,4,4302,0,1,3,,2,172,SR-17 N/B,CAMDEN AVE,309,N,N,A,-,Y,,,17,,,,,,N,Y,2,0,1,1,A,-,8,22107,,N,E,I,A,A,H,-,A,D,0,,,,,Y,,A,1,1,0,0,0,0,0,0,0,0,-,-,37.27195,-121.94695,SANTA CLARA,CAMPBELL,-121.94696654,37.27195427
90372603,2017,2017-01-19,9340,2017-01-08,2115,20885,,7,2,7,4313,0,1,2,,2,110,US-101 S/B,MCKEE RD,400,N,N,B,C,Y,,,,,,,,,,Y,4,0,1,3,A,-,3,22350,,N,A,I,A,B,H,-,C,D,0,,,,,Y,,A,1,0,0,1,0,0,0,0,0,0,-,-,35.35651,-121.8698,SANTA CLARA,SAN JOSE,,
90372533,2017,2017-01-19,9340,2017-01-08,1145,21114,,7,1,5,4308,0,1,1,,2,681,I-680 S/B,JACKLIN RD,1620,N,N,B,C,Y,,,680,,,,,,S,Y,4,0,1,1,A,-,8,22107,,N,E,I,A,B,H,-,A,D,0,,,,,Y,,A,1,0,0,1,0,0,0,0,0,0,-,-,37.45143,-121.8933,SANTA CLARA,MILPITAS,-121.89316467,37.4515172
90372016,2017,2017-01-18,9340,2017-01-14,1800,21249,,6,2,7,4313,0,1,1,,2,281,I-280 S/B,BIRD AVE,750,N,N,A,-,Y,,,280,,,,,,S,Y,4,0,1,2,A,-,8,22107,,N,B,C,A,A,H,-,D,D,0,,,,,Y,,A,1,0,0,1,0,0,0,0,0,0,-,-,37.318,-121.9029,SANTA CLARA,SAN JOSE,-121.90296021,37.31807465
90372000,2017,2017-02-27,9330,2017-01-10,1525,21521,,2,2,5,4311,0,1,2,,2,78,US-101 N/B,RENGSTORFF AVE,300,S,N,C,-,Y,,,101,,,,,,N,Y,4,0,1,3,A,-,3,22350,,N,C,C,A,B,H,-,A,D,0,,,,,Y,,A,1,0,0,1,0,0,0,0,0,0,-,-,37.4207,-122.0916,SANTA CLARA,MOUNTAIN VIEW,-122.0916868,37.42058361
90371849,2017,2017-01-18,9340,2017-01-17,950,18680,,2,1,7,4313,0,1,1,,2,88,I-880 N/B,N 1ST ST,175,N,N,A,-,Y,,,880,,,,,,N,N,4,0,1,1,A,-,3,22350,,F,E,J,A,A,H,-,A,D,0,,,Y,,Y,,C,2,0,0,1,0,0,0,0,0,1,-,-,37.3569,-121.9075,SANTA CLARA,SAN JOSE,-121.90800893,37.35741356
90371618,2017,2017-01-18,9340,2017-01-14,1800,19257,,6,2,7,4313,0,1,2,,2,110,US-101 NORTHBOUND,OAKLAND ROAD O/C,800,S,N,A,-,Y,,,101,,,,,,N,Y,4,0,1,3,A,-,3,22350,,N,C,C,A,A,H,-,C,D,0,,,,,Y,,A,1,0,0,1,0,0,0,0,0,0,-,-,37.3628,-121.88842,SANTA CLARA,SAN JOSE,-121.88841883,37.36281063
90371542,2017,2017-01-18,9725,2017-01-10,530,20781,,2,3,9,4300,0,1,3,,1,170,SR-152 W/B,DINOSAUR POINT RD,15312,W,N,B,-,Y,,,152,,,,,,W,Y,4,0,2,1,A,-,8,22107,,N,E,I,A,B,H,-,D,D,0,,,,,Y,,A,1,0,0,2,0,0,0,0,0,0,-,-,37.04501,-121.2647,SANTA CLARA,UNINCORPORATED,-121.26471711,37.04493205
90371503,2017,2017-02-16,9340,2017-01-13,1515,20827,,5,2,5,4303,0,1,1,,2,282,I-280 S/B,DE ANZA BLVD.,900,N,N,A,-,Y,,,280,,,,,,S,N,4,0,2,2,A,-,3,22350,,N,C,C,A,A,H,-,A,D,0,,,,,Y,,A,1,0,0,2,0,0,0,0,0,0,-,-,37.33411,-122.04332,SANTA CLARA,CUPERTINO,-122.04332096,37.33417701
90371453,2017,2017-01-18,9725,2017-01-10,720,14585,,2,1,9,4300,0,2,4,,1,19,MONTEREY RD.,HIGHLAND AVE.,1056,S,N,C,-,N,,,,,,,,,,Y,4,0,1,2,A,-,3,22350,,N,C,C,A,B,H,-,A,D,0,,,,,Y,,D,22,0,0,1,0,0,0,0,0,0,-,-,37.07056,-121.60164,SANTA CLARA,UNINCORPORATED,-121.60259114,37.07191133
90371435,2017,2017-02-22,9340,2017-01-12,1335,21425,,4,1,6,4314,0,2,4,,2,520,SAN TOMAS EXPY,PRUNERIDGE AVE,0,,Y,A,-,N,,,,,,,,,,Y,3,0,2,2,A,-,12,21453,A,N,D,C,A,A,H,-,A,A,0,,,,,Y,,A,8,0,1,1,0,0,0,0,0,0,-,-,37.1948,-121.5842,SANTA CLARA,SANTA CLARA,-121.96776988,37.32995004
90371427,2017,2017-01-18,9725,2017-01-02,620,20854,,1,1,9,4300,0,3,5,,2,3,SAN VINCENTE AVENUE,DAVIS COURT,0,,Y,A,-,N,,,,,,,,,,Y,4,0,1,2,A,-,0,22352,A,N,D,C,A,A,H,-,D,D,0,,,,,Y,,-,-,0,0,1,0,0,0,0,0,0,-,-,37.1977,-121.7991,SANTA CLARA,UNINCORPORATED,,
90371323,2017,2017-01-18,9330,2017-01-05,1905,21356,,4,2,5,4311,0,1,2,,2,78,US-101 SOUTHBOUND,SAN ANTONIO RD,5280,S,N,A,-,Y,,,101,,,,,,S,Y,4,0,1,7,A,-,3,22350,,N,C,C,A,A,H,-,C,D,0,,,,,Y,,D,22,0,0,1,0,0,0,0,0,0,-,-,37.42322,-122.09576,SANTA CLARA,MOUNTAIN VIEW,-122.09571199,37.42328173
90371300,2017,2017-01-18,9340,2017-01-12,918,18562,,4,1,7,4313,0,1,1,,2,88,I-880 N/B,BASCOM AVE,200,N,N,B,-,Y,,,,,,,,,,Y,4,0,1,4,A,-,3,22350,,N,C,C,A,B,H,-,A,D,0,,,,,Y,,A,7,0,0,1,0,0,0,0,0,0,-,-,37.20916,-121.56503,SANTA CLARA,SAN JOSE,-121.93587773,37.33474379
90371023,2017,2017-01-17,9330,2017-01-07,1030,21319,,6,1,5,4311,0,1,3,,2,75,SR-237 E/B,SR-85 (EL CAMINO REAL),200,E,N,C,-,Y,,,237,,,,,,E,Y,4,0,1,2,A,-,3,22350,,N,A,C,A,B,H,-,A,D,0,,,,,Y,,A,1,0,0,1,0,0,0,0,0,0,-,-,37.38502,-122.06647,SANTA CLARA,MOUNTAIN VIEW,-122.06645792,37.38499411
90370897,2017,2017-01-17,9340,2017-01-10,1505,17089,,2,2,9,4300,0,1,3,,2,85,SR-85 N/B,FREMONT AVENUE,1056,S,N,B,C,Y,,,,,,,,,,Y,4,0,1,1,A,-,3,22350,,N,E,I,A,B,H,-,A,D,0,,,,,Y,,A,8,0,0,1,0,0,0,0,0,0,-,-,37.3488,-122.05971,SANTA CLARA,UNINCORPORATED,-122.06045,37.35206
90370835,2017,2017-01-17,9340,2017-01-11,1840,20999,,3,2,9,4300,0,1,3,,2,131,SR 130 (MT/ HAMILTON RD.),THREE SPRINGS RD,2700,W,N,A,-,N,,,130,,,,,,,Y,3,0,1,1,A,-,8,22107,,N,E,J,A,B,H,-,D,D,0,,,,,Y,,A,1,0,1,0,0,0,0,0,0,0,-,-,37.36978,-121.76821,SANTA CLARA,UNINCORPORATED,-121.76826041,37.36977115
90370775,2017,2017-01-17,9340,2017-01-08,1140,21425,,7,1,7,4313,0,1,2,,2,110,US101 N/B,OAKLAND RD,350,S,N,C,G,Y,,,,,,,,,,Y,4,0,1,1,A,-,8,22107,,N,E,I,A,B,H,-,A,D,0,,,,,Y,,A,1,0,0,1,0,0,0,0,0,0,-,-,37.21471,-121.53252,SANTA CLARA,SAN JOSE,-121.89158,37.36313
90370742,2017,2017-01-17,9340,2017-01-08,935,21425,,7,1,7,4313,0,1,1,,2,281,I-280 N/B,SR-87,3960,S,N,C,G,Y,,,,,,,,,,Y,4,0,1,1,A,-,3,22350,,N,E,I,A,B,H,-,A,D,0,,,,,Y,,A,1,0,0,1,0,0,0,0,0,0,-,-,37.19396,-121.52476,SANTA CLARA,SAN JOSE,,
90370728,2017,2017-01-17,9340,2017-01-12,805,16931,,4,1,5,4303,0,1,3,,2,85,SR-85 N/B,I-280,1000,N,N,B,C,Y,,,,,,,,,,N,4,0,1,2,A,-,3,22350,,N,C,C,A,B,H,-,A,D,0,,,,,Y,,A,1,0,0,1,0,0,0,0,0,0,-,-,37.33212,-122.05721,SANTA CLARA,CUPERTINO,-122.05682,37.33359
90370659,2017,2017-01-17,9725,2017-01-15,1730,20032,,7,2,9,4300,0,3,5,,2,1,FOOTHILL AVE,MAPLE AVE,0,,Y,A,-,N,,,,,,,,,,Y,4,0,3,2,A,-,9,21801,A,N,A,C,A,A,H,-,A,D,0,,,,,Y,,A,1,0,0,3,0,0,0,0,0,0,-,-,37.11992,-121.59534,SANTA CLARA,UNINCORPORATED,-121.59536998,37.11990002
90370638,2017,2017-01-17,9340,2017-01-11,1925,20574,,3,2,7,4313,0,1,2,,2,110,US-101 S/B,CAPITOL EXPRESSWAY,200,N,N,A,-,Y,,,101,,,,,,S,Y,4,0,1,3,A,-,7,21658,A,N,B,C,A,A,H,-,D,D,0,,,,,Y,,D,22,0,0,1,0,0,0,0,0,0,-,-,37.30505,-121.81909,SANTA CLARA,SAN JOSE,-121.81892995,37.30520569
90370517,2017,2017-01-17,9725,2017-01-12,1730,20032,,4,2,9,4300,0,2,4,,1,20,WATSONVILLE RD,KNOPF CT,0,,Y,B,-,N,,,,,,,,,,Y,4,0,1,2,A,-,3,22350,,N,C,C,A,A,H,-,B,D,0,,,,,Y,,D,22,0,0,1,0,0,0,0,0,0,-,-,37.08939,-121.65118,SANTA CLARA,UNINCORPORATED,-121.65113995,37.08935002
90370433,2017,2017-01-17,9330,2017-01-13,1830,21019,,5,2,5,4311,0,1,3,,2,76,SR-237 W/B,SR-85,1584,E,N,A,-,Y,,,237,,,,,,W,N,4,0,1,2,A,-,7,21658,A,N,B,C,A,A,H,-,C,D,0,,,Y,,Y,,A,1,0,0,1,0,0,0,0,0,1,-,-,37.38596,-122.06334,SANTA CLARA,MOUNTAIN VIEW,-122.0633394,37.38595052
90370429,2017,2017-01-17,9340,2017-01-09,910,21347,,1,1,9,4300,0,1,3,,2,171,SR-17 N/B,SUMMIT RD O/C,1000,N,N,B,-,Y,,,17,,,,,,N,Y,4,0,1,2,A,-,3,22350,,N,C,C,A,B,H,-,A,D,0,,,,,Y,,A,1,0,0,1,0,0,0,0,0,0,-,-,37.14733,-121.98782,SANTA CLARA,UNINCORPORATED,-121.98776853,37.14734188
90370287,2017,2017-01-17,9340,2017-01-08,805,21114,,7,1,7,4313,0,1,1,,2,681,I-680 N/B,HOSTETTER RD,230,N,N,C,-,Y,,,680,,,,,,N,Y,4,0,1,1,A,-,8,22107,,N,E,I,A,B,H,-,A,D,0,,,,,Y,,A,1,0,0,1,0,0,0,0,0,0,-,-,37.39596,-121.8744,SANTA CLARA,SAN JOSE,-121.87431545,37.39601394
90370258,2017,2017-01-17,9340,2017-01-07,800,21289,,6,1,6,4316,0,1,2,,2,120,US101 N/B,SR-237,300,S,N,C,-,Y,,,101,,,,,,N,Y,4,0,1,2,A,-,7,21658,A,N,B,C,A,B,H,-,A,D,0,,,,,Y,,A,1,0,0,1,0,0,0,0,0,0,-,-,37.4004,-122.0343,SANTA CLARA,SUNNYVALE,-122.03428108,37.40048267
90370233,2017,2017-01-17,9725,2017-01-13,750,20854,,5,1,9,4300,0,1,2,,2,14,US-101 N/B,BURNETT AVE,1320,N,N,A,-,Y,,,101,,,,,,N,N,4,0,1,2,A,-,3,22350,,N,C,C,A,A,H,-,A,D,0,,,,,Y,,A,1,0,0,1,0,0,0,0,0,0,-,-,37.16594,-121.66629,SANTA CLARA,UNINCORPORATED,-121.66625379,37.16596989
90369917,2017,2017-01-16,9340,2017-01-08,1150,19382,,7,1,9,4300,0,1,3,,2,171,SR-17 N/B,MADRONE DR,1584,S,N,B,C,Y,,,17,,,,,,N,Y,4,0,1,1,A,-,3,22350,,N,E,I,A,B,H,-,A,D,0,,,,,Y,,A,1,0,0,1,0,0,0,0,0,0,-,-,37.15441,-121.98539,SANTA CLARA,UNINCORPORATED,-121.98544391,37.15442078
90369898,2017,2017-01-16,9340,2017-01-08,840,19382,,7,1,5,4303,0,1,3,,2,85,SR-85 N/B,FREMONT AVE,700,S,N,B,C,Y,,,,,,,,,,Y,4,0,1,1,A,-,3,22350,,N,E,I,A,B,H,-,A,D,0,,,,,Y,,A,7,0,0,1,0,0,0,0,0,0,-,-,37.34898,-122.05991,SANTA CLARA,CUPERTINO,-122.06045,37.35206
90369820,2017,2017-01-16,9340,2017-01-07,2130,20942,,6,2,7,4313,0,1,3,,2,87,SR-87 S/B,PARK AVE,151,N,N,C,-,Y,,,87,,,,,,S,Y,3,0,5,3,A,-,3,22350,,F,C,C,A,B,H,-,D,D,0,,,,,Y,,-,99,0,2,3,0,0,0,0,0,0,-,-,37.3297,-121.89615,SANTA CLARA,SAN JOSE,-121.89609157,37.3297324
90369533,2017,2017-02-22,9340,2017-01-02,930,21289,,1,1,9,4300,0,1,3,,2,171,SR-17 N/B,REDWOOD ESTATES,1320,S,N,B,-,Y,,,17,,,,,,N,Y,3,0,1,1,A,-,3,22350,,N,E,I,A,B,H,-,A,D,0,,,,,Y,,A,1,0,1,0,0,0,0,0,0,0,-,-,37.1549,-121.9853,SANTA CLARA,UNINCORPORATED,-121.98524131,37.15486182
90369363,2017,2017-01-16,9340,2017-01-01,200,21289,,7,3,7,4313,0,1,1,,2,681,JACKSON ST ON RAMP TO S/B 680,JACKSON AVE.,75,S,N,A,-,Y,,,,,,,,,,Y,3,0,1,1,A,-,1,23152,A,N,E,I,A,A,H,-,D,D,0,,,,,Y,Y,A,1,0,1,0,0,0,0,0,0,0,-,-,37.3528,-121.8385,SANTA CLARA,SAN JOSE,,
90369216,2017,2017-01-13,9340,2017-01-06,1600,21358,,5,2,7,4313,0,1,2,,2,110,US101 S/B,MCKEE RD,1220,N,N,B,-,Y,,,101,,,,,,S,N,3,0,1,1,A,-,8,22107,,N,E,I,A,A,H,-,A,D,0,,,,,Y,,D,22,0,1,0,0,0,0,0,0,0,-,-,37.35661,-121.86921,SANTA CLARA,SAN JOSE,-121.86915097,37.35668214
90369199,2017,2017-01-13,9340,2017-01-06,1720,21165,,5,2,7,4313,0,1,2,,2,110,US101 S/B,STORY RD,1500,N,N,B,-,Y,,,101,,,,,,S,N,4,0,1,2,A,-,3,22350,,N,C,C,A,A,H,-,D,D,0,,,,,Y,,-,99,0,0,1,0,0,0,0,0,0,-,-,37.3403,-121.8527,SANTA CLARA,SAN JOSE,-121.85277005,37.34023391
90369197,2017,2017-01-13,9340,2017-01-04,1935,21529,,3,2,6,4314,0,2,4,,2,520,LAWRENCE EXPY N/B,EL CAMINO REAL,900,N,N,C,-,N,,,,,,,,,,N,2,0,1,2,A,-,3,22350,,N,C,B,A,B,H,-,C,D,0,,Y,,,Y,,A,1,1,0,0,0,0,0,1,0,0,-,-,37.21723,-121.58758,SANTA CLARA,SANTA CLARA,-121.99635642,37.35491603
90369152,2017,2017-01-13,9340,2017-01-06,1305,14248,,5,1,7,4313,0,1,1,,2,88,I-880 NORTHBOUND,BASCOM AVE.,1000,S,N,A,-,Y,,,880,,,,,,N,Y,3,0,1,3,A,-,7,21658,A,N,B,C,A,A,H,-,A,D,0,,,,Y,Y,,A,1,0,1,0,0,0,0,0,0,0,-,-,37.3332,-121.9379,SANTA CLARA,SAN JOSE,-121.93790085,37.3332011