CASE_ID,ACCIDENT_YEAR,PROC_DATE,JURIS,COLLISION_DATE,COLLISION_TIME,OFFICER_ID,REPORTING_DISTRICT,DAY_OF_WEEK,CHP_SHIFT,POPULATION,CNTY_CITY_LOC,SPECIAL_COND,BEAT_TYPE,CHP_BEAT_TYPE,CITY_DIVISION_LAPD,CHP_BEAT_CLASS,BEAT_NUMBER,PRIMARY_RD,SECONDARY_RD,DISTANCE,DIRECTION,INTERSECTION,WEATHER_1,WEATHER_2,STATE_HWY_IND,CALTRANS_COUNTY,CALTRANS_DISTRICT,STATE_ROUTE,ROUTE_SUFFIX,POSTMILE_PREFIX,POSTMILE,LOCATION_TYPE,RAMP_INTERSECTION,SIDE_OF_HWY,TOW_AWAY,COLLISION_SEVERITY,NUMBER_KILLED,NUMBER_INJURED,PARTY_COUNT,PRIMARY_COLL_FACTOR,PCF_CODE_OF_VIOL,PCF_VIOL_CATEGORY,PCF_VIOLATION,PCF_VIOL_SUBSECTION,HIT_AND_RUN,TYPE_OF_COLLISION,MVIW,PED_ACTION,ROAD_SURFACE,ROAD_COND_1,ROAD_COND_2,LIGHTING,CONTROL_DEVICE,CHP_ROAD_TYPE,PEDESTRIAN_ACCIDENT,BICYCLE_ACCIDENT,MOTORCYCLE_ACCIDENT,TRUCK_ACCIDENT,NOT_PRIVATE_PROPERTY,ALCOHOL_INVOLVED,STWD_VEHTYPE_AT_FAULT,CHP_VEHTYPE_AT_FAULT,COUNT_SEVERE_INJ,COUNT_VISIBLE_INJ,COUNT_COMPLAINT_PAIN,COUNT_PED_KILLED,COUNT_PED_INJURED,COUNT_BICYCLIST_KILLED,COUNT_BICYCLIST_INJURED,COUNT_MC_KILLED,COUNT_MC_INJURED,PRIMARY_RAMP,SECONDARY_RAMP,LATITUDE,LONGITUDE,COUNTY,CITY,POINT_X,POINT_Y
90368778,2017,2017-01-13,9725,2017-01-10,2101,15579,,2,2,9,4300,0,1,2,,2,13,US-101 SOUTHBOUND,BAILEY AVENUE,1056,N,N,B,C,Y,,,101,,,,,,S,Y,4,0,2,2,A,-,3,22350,,N,D,C,A,B,F,-,D,D,0,,,,,Y,,A,1,0,0,2,0,0,0,0,0,0,-,-,37.2136,-121.7274,SANTA CLARA,UNINCORPORATED,-121.7272631,37.2137326
90368773,2017,2017-01-13,9340,2017-01-09,2115,20609,,1,2,7,4313,0,1,1,,2,681,I-680 S/B,BERRYESSA RD,2000,S,N,B,-,Y,,,680,,,,,,S,Y,3,0,1,4,A,-,3,22350,,N,C,C,A,B,H,-,D,D,0,,,,,Y,,A,1,0,1,0,0,0,0,0,0,0,-,-,37.38252,-121.86097,SANTA CLARA,SAN JOSE,-121.86099518,37.38249192
90368708,2017,2017-01-13,9725,2017-01-08,1420,20032,,7,2,9,4300,0,1,2,,2,13,US-101 N/B,BURNETT AVE,528,N,N,B,C,Y,,,101,,,,,,N,Y,4,0,1,2,A,-,3,22350,,N,B,C,A,B,H,-,A,D,0,,,,,Y,,D,22,0,0,1,0,0,0,0,0,0,-,-,37.16896,-121.66873,SANTA CLARA,UNINCORPORATED,-121.66876176,37.16893259
90368654,2017,2017-02-16,9340,2017-01-13,20,19036,,5,3,4,4302,0,1,3,,2,172,SR-17 N/B,HAMILTON AVE,1,N,N,B,-,Y,,,17,,,,,,N,N,3,0,1,1,A,-,17,21200,,N,F,I,A,B,H,-,C,D,0,,Y,,,Y,Y,L,4,0,1,0,0,0,0,1,0,0,-,-,37.29425,-121.93816,SANTA CLARA,CAMPBELL,-121.93819546,37.29423083
90368359,2017,2017-01-12,9340,2017-01-11,825,16931,,3,1,5,4308,0,1,1,,2,681,I-680 N/B,CAPITOL AVE,500,S,N,B,C,Y,,,,,,,,,,N,4,0,1,2,A,-,3,22350,,N,C,C,A,B,H,-,A,D,0,,,,,Y,,A,1,0,0,1,0,0,0,0,0,0,-,-,37.39772,-121.87492,SANTA CLARA,MILPITAS,-121.8751223,37.39789953
90368227,2017,2017-01-12,9340,2017-01-09,2145,20289,,1,2,7,4313,0,1,1,,2,281,I-280 N/B,SR-87,1930,S,N,C,-,Y,,,,,,,,,,Y,4,0,1,1,A,-,8,22107,,N,E,I,A,B,H,-,C,D,0,,,,,Y,,A,1,0,0,1,0,0,0,0,0,0,-,-,37.32737,-121.89405,SANTA CLARA,SAN JOSE,,
90368140,2017,2017-03-13,9725,2017-01-03,635,18473,,2,1,9,4300,0,1,3,,1,130,SR-25 S/B,BOLSA RD.,1584,N,N,A,-,Y,,,25,,,,,,S,Y,3,0,4,3,A,-,8,22107,,N,B,C,A,B,H,-,D,D,0,,,,,Y,,A,1,0,1,3,0,0,0,0,0,0,-,-,36.9528,-121.5273,SANTA CLARA,UNINCORPORATED,-121.52733668,36.95275999
90368117,2017,2017-01-12,9340,2017-01-06,1555,21358,,5,2,7,4313,0,1,1,,2,281,I-280 S/B,MERIDIAN AVE,920,N,N,A,-,Y,,,280,,,,,,S,N,4,0,1,2,A,-,3,22350,,N,C,C,A,A,H,-,A,A,0,,,,,Y,,A,1,0,0,1,0,0,0,0,0,0,-,-,37.31635,-121.91815,SANTA CLARA,SAN JOSE,-121.91813652,37.31640076
90368099,2017,2017-01-12,9340,2017-01-05,1340,20465,,4,1,5,4308,0,1,1,,2,681,I-680 N/B,CALAVERAS BLVD,1500,S,N,A,-,Y,,,680,,,,,,N,Y,4,0,1,4,A,-,3,22350,,N,C,C,A,A,H,-,A,D,0,,,,,Y,,B,7,0,0,1,0,0,0,0,0,0,-,-,37.42945,-121.88577,SANTA CLARA,MILPITAS,-121.88567444,37.42950077
90367898,2017,2017-02-16,9340,2017-01-06,540,21408,,5,3,7,4313,0,1,2,,2,110,US101 N/B,MCKEE RD,150,N,N,A,-,Y,,,101,,,,,,N,Y,4,0,1,2,A,-,3,22350,,N,C,C,A,A,H,-,C,D,0,,,,,Y,,A,7,0,0,1,0,0,0,0,0,0,-,-,37.3572,-121.8695,SANTA CLARA,SAN JOSE,-121.8694712,37.35723972
90367862,2017,2017-01-12,9330,2017-01-06,833,21445,,5,1,5,4311,0,1,2,,2,78,US-101 N/B,OLD MIDDLEFIELD RD,1056,N,N,A,-,Y,,,101,,,,,,N,Y,4,0,2,2,A,-,7,21658,A,N,B,C,A,A,H,-,A,D,0,,,,,Y,,A,1,0,0,2,0,0,0,0,0,0,-,-,37.41718,-122.08688,SANTA CLARA,MOUNTAIN VIEW,-122.08693177,37.41710842
90367120,2017,2017-01-11,9340,2017-01-10,1750,20392,,2,2,5,4308,0,1,1,,2,89,I-880 N/B,DIXON LANDING RD,3000,S,N,C,-,Y,,,880,,,,,,N,Y,4,0,1,2,A,-,3,22350,,N,C,C,A,B,H,-,C,D,0,,,,,Y,,A,1,0,0,1,0,0,0,0,0,0,-,-,37.44624,-121.9212,SANTA CLARA,MILPITAS,-121.92131336,37.44621874
90367108,2017,2017-01-11,9340,2017-01-01,2055,21339,,7,2,6,4314,0,2,4,,2,410,CENTRAL EXPY,SCOTT BLVD,0,,Y,C,-,N,,,,,,,,,,Y,4,0,3,2,D,-,0,,,N,D,C,A,B,H,-,C,D,0,,,,,Y,,-,-,0,0,3,0,0,0,0,0,0,-,-,37.3743,-121.95945,SANTA CLARA,SANTA CLARA,-121.9594999,37.37437992
90367069,2017,2017-01-11,9340,2017-01-10,1505,20999,,2,2,7,4313,0,1,2,,2,120,US-101 S/B,BROKAW ROAD,3500,S,N,C,-,Y,,,101,,,,,,S,Y,3,0,2,2,A,-,3,22350,,N,B,C,A,B,H,-,A,D,0,,,,,Y,,A,1,0,1,1,0,0,0,0,0,0,-,-,37.3679,-121.90796,SANTA CLARA,SAN JOSE,-121.90799035,37.36786224
90366510,2017,2017-01-11,9340,2017-01-01,905,21114,,7,1,7,4313,0,1,2,,2,110,US101 S/B,YERBA BUENA AVE,25,N,N,B,-,Y,,,101,,,,,,S,Y,4,0,2,2,A,-,3,22350,,N,C,C,A,A,H,-,A,D,0,,,,,Y,,A,7,0,0,2,0,0,0,0,0,0,-,-,37.2947,-121.81045,SANTA CLARA,SAN JOSE,-121.810209,37.29476127
90366448,2017,2017-02-16,9340,2017-01-08,1130,21184,,7,1,4,4302,0,1,3,,2,172,SR-17 N/B,CAMDEN AVE,600,N,N,C,-,Y,,,,,,,,,,Y,4,0,1,1,A,-,3,22350,,N,E,I,A,B,H,-,A,D,0,,,,,Y,,A,1,0,0,1,0,0,0,0,0,0,-,-,37.27502,-121.9762,SANTA CLARA,CAMPBELL,-121.94684362,37.27251912
90366201,2017,2017-01-10,9340,2017-01-03,1650,21259,,2,2,7,4313,0,1,3,,2,220,SR-237 E/B,N FIRST ST,50,W,N,B,C,Y,,,237,,,,,,E,Y,4,0,1,3,A,-,3,22350,,N,C,C,A,B,H,-,D,D,0,,,,,Y,,A,7,0,0,1,0,0,0,0,0,0,-,-,37.41912,-121.95922,SANTA CLARA,SAN JOSE,-121.95922959,37.4192438
90366061,2017,2017-02-16,9340,2017-01-09,140,13097,,1,3,5,4308,0,1,1,,2,89,I-880 N/B,SR-237,2112,N,N,B,C,Y,,,880,,,,,,N,N,4,0,1,2,A,-,8,22107,,N,E,I,A,B,H,-,C,D,0,,,,,Y,,A,1,0,0,1,0,0,0,0,0,0,-,-,37.42809,-121.91742,SANTA CLARA,MILPITAS,-121.9173697,37.42811128
90366045,2017,2017-01-10,9340,2017-01-07,1055,21412,,6,1,7,4313,0,1,1,,2,282,I-280 N/B,SARATOGA AVE,550,N,N,B,C,Y,,,280,,,,,,N,Y,3,0,1,1,A,-,3,22350,,N,E,I,A,B,H,-,A,D,0,,,,,Y,,A,1,0,1,0,0,0,0,0,0,0,-,-,37.3178,-121.97684,SANTA CLARA,SAN JOSE,-121.97683671,37.31781174
90365934,2017,2017-01-10,9340,2017-01-07,1750,21249,,6,2,7,4313,0,1,1,,2,281,I-280 S/B,4TH ST,300,N,N,B,C,Y,,,,,,,,,,N,4,0,1,2,A,-,3,22350,,F,C,C,A,B,H,-,D,D,0,,,,,Y,,-,99,0,0,1,0,0,0,0,0,0,-,-,37.1937,-121.525,SANTA CLARA,SAN JOSE,-121.90468833,37.31727074
90365900,2017,2017-01-10,9340,2017-01-07,1630,21165,,6,2,7,4313,0,1,3,,2,83,SR-85 S/B,BLOSSOM HILL RD,100,N,N,B,C,Y,,,,,,,,,,N,4,0,1,2,A,-,3,22350,,N,C,C,A,B,H,-,A,D,0,,,,,Y,,A,1,0,0,1,0,0,0,0,0,0,-,-,37.1564,-121.5023,SANTA CLARA,SAN JOSE,,
90365733,2017,2017-01-10,9340,2017-01-06,1708,21275,,5,2,5,4303,0,1,1,,2,282,I-280 N/B,WINCHESTER BLVD,2940,N,N,A,-,Y,,,,,,,,,,Y,4,0,2,3,A,-,3,22350,,N,C,C,A,A,H,-,B,D,0,,,,,Y,,A,7,0,0,2,0,0,0,0,0,0,-,-,37.18594,-121.57375,SANTA CLARA,CUPERTINO,-121.95023,37.31692
90365622,2017,2017-02-16,9340,2017-01-05,810,21408,,4,1,7,4313,0,1,2,,2,110,US101 S/B,BLOSSOM HILL RD,2500,N,N,A,-,Y,,,,,,,,,,Y,4,0,2,2,A,-,3,22350,,N,C,C,A,A,H,-,A,D,0,,,,,Y,,A,7,0,0,2,0,0,0,0,0,0,-,-,37.16,-121.4808,SANTA CLARA,SAN JOSE,,
90365409,2017,2017-01-10,9340,2017-01-05,1845,20392,,4,2,4,4315,0,1,3,,2,85,SR-85 S/B,SARATOGA AVE,1000,N,N,A,-,Y,,,85,,,,,,S,Y,4,0,1,3,A,-,3,22350,,N,C,C,A,A,H,-,C,D,0,,,,,Y,,A,1,0,0,1,0,0,0,0,0,0,-,-,37.27884,-122.01031,SANTA CLARA,SARATOGA,-122.01030599,37.27884503
90364862,2017,2017-01-09,9340,2017-01-05,1555,21358,,4,2,7,4313,0,1,1,,2,281,I-280 S/B,SR-87,200,S,N,A,-,Y,,,280,,,,,,S,N,4,0,1,2,A,-,3,22350,,N,C,C,A,A,H,-,A,D,0,,,,,Y,,A,1,0,0,1,0,0,0,0,0,0,-,-,37.32394,-121.89114,SANTA CLARA,SAN JOSE,-121.89115007,37.32399625
90364718,2017,2017-01-09,9340,2017-01-02,1335,21529,,1,1,7,4313,0,1,3,,2,87,SR-87 N/B,AIRPORT PKY,600,N,N,B,-,Y,,,,,,,,,,Y,3,0,1,1,A,-,3,22350,,N,F,A,A,B,H,-,A,D,0,,,,,Y,,A,1,0,1,0,0,0,0,0,0,0,-,-,37.22103,-121.55327,SANTA CLARA,SAN JOSE,,
90364661,2017,2017-01-09,9340,2017-01-05,1745,20466,,4,2,7,4313,0,1,1,,2,89,I-880 S/B,OLD BAYSHORE HWY,500,N,N,A,-,Y,,,880,,,,,,S,Y,4,0,2,3,A,-,3,22350,,N,C,C,A,A,H,-,A,D,0,,,,,Y,,A,1,0,0,2,0,0,0,0,0,0,-,-,37.37098,-121.9021,SANTA CLARA,SAN JOSE,-121.90188877,37.37102965
90364629,2017,2017-01-09,9725,2017-01-02,1430,21285,,1,2,9,4300,0,1,3,,1,160,SR-152 W/B,FERGUSON ROAD,528,E,N,B,-,Y,,,152,,,,,,W,N,4,0,5,2,A,-,3,22350,,N,C,C,A,B,H,-,A,A,0,,,,,Y,,A,1,0,0,5,0,0,0,0,0,0,-,-,37.00837,-121.51373,SANTA CLARA,UNINCORPORATED,-121.51366842,37.00843849
90364497,2017,2017-01-09,9340,2017-01-03,1326,21339,,2,1,4,4307,0,1,3,,2,171,SR-17 S/B,HEBARD RD,400,S,N,C,-,Y,,,,,,,,,,Y,4,0,1,1,A,-,8,22107,,N,E,I,A,B,H,-,A,D,0,,,,,Y,,A,1,0,0,1,0,0,0,0,0,0,-,-,37.15476,-121.98504,SANTA CLARA,LOS GATOS,-121.991181,37.17206777
90364479,2017,2017-03-13,9725,2017-01-07,745,19217,,6,1,9,4300,0,1,3,,1,170,SR-152 W/B,DINOSAUR POINT ROAD,8448,W,N,B,C,Y,,,152,,,,,,W,Y,2,0,1,1,A,-,8,22107,,N,E,I,A,B,H,-,A,D,0,,,,,Y,,A,1,1,0,0,0,0,0,0,0,0,-,-,37.05582,-121.24494,SANTA CLARA,UNINCORPORATED,-121.24493503,37.05581172
90364450,2017,2017-03-13,9725,2017-01-06,2255,19305,,5,3,9,4300,0,1,2,,2,11,US-101 N/B,E. SAN MARTIN AVE.,2640,S,N,B,-,Y,,,101,,,,,,N,Y,4,0,4,2,A,-,3,22350,,N,C,C,A,B,H,-,D,D,0,,,,,Y,,A,1,0,0,4,0,0,0,0,0,0,-,-,37.07881,-121.59352,SANTA CLARA,UNINCORPORATED,-121.59363259,37.07874864
90364422,2017,2017-01-09,9340,2017-01-04,1025,21347,,3,1,9,4300,0,1,3,,2,171,SR-17 S/B,BRUSH RD,600,S,N,C,-,Y,,,17,,,,,,S,Y,4,0,1,2,A,-,3,22350,,N,B,C,A,B,H,-,A,D,0,,,,Y,Y,,A,7,0,0,1,0,0,0,0,0,0,-,-,37.16277,-121.99132,SANTA CLARA,UNINCORPORATED,-121.99137467,37.16275101
90364302,2017,2017-01-09,9725,2017-01-05,1540,20032,,4,2,9,4300,0,3,5,,2,3,DEWITT AVE,ORIGILIA LN,528,N,N,A,-,N,,,,,,,,,,N,4,0,1,1,A,-,8,22107,,N,E,I,A,A,H,-,A,D,0,,,,,Y,,D,22,0,0,1,0,0,0,0,0,0,-,-,37.11117,-121.66112,SANTA CLARA,UNINCORPORATED,-121.66106765,37.11253316
90364271,2017,2017-01-09,9725,2017-01-03,1810,15579,,2,2,9,4300,0,1,2,,2,13,US-101 NORTHBOUND,BAILEY AVENUE,528,S,N,B,C,Y,,,101,,,,,,N,Y,3,0,1,1,A,-,3,22350,,N,E,I,A,B,H,-,D,D,0,,,,,Y,,A,1,0,1,0,0,0,0,0,0,0,-,-,37.2093,-121.7221,SANTA CLARA,UNINCORPORATED,-121.72221829,37.20914396
90364100,2017,2017-03-13,9725,2017-01-01,1025,19217,,7,1,9,4300,0,1,2,,1,10,US-101 N/B,SR-25,1599,N,N,A,-,Y,,,,,,,,,,Y,2,0,3,1,A,-,8,22107,,N,E,I,A,A,H,-,A,D,0,,,,,Y,,A,1,1,1,1,0,0,0,0,0,0,-,-,36.5758,-121.338,SANTA CLARA,UNINCORPORATED,-121.55207688,36.96553175
90364071,2017,2017-01-09,9340,2017-01-08,2018,20885,,7,2,7,4313,0,1,2,,2,120,US-101 N/B,I-880,272,S,N,B,C,Y,,,101,,,,,,N,Y,4,0,2,1,A,-,1,23152,A,N,A,I,A,B,H,-,C,D,0,,,,,Y,Y,A,1,0,0,2,0,0,0,0,0,0,-,-,37.36426,-121.90053,SANTA CLARA,SAN JOSE,-121.90058429,37.36396389
90364062,2017,2017-01-09,9725,2017-01-02,1600,20944,,1,2,9,4300,0,1,2,,1,10,US-101 N/B,SR-25,2640,S,N,B,-,Y,,,101,,,,,,N,N,4,0,1,2,A,-,3,22350,,N,C,C,A,B,H,-,A,D,0,,,,,Y,,D,22,0,0,1,0,0,0,0,0,0,-,-,36.94612,-121.55267,SANTA CLARA,UNINCORPORATED,-121.55274952,36.94611796
90363939,2017,2017-01-09,9340,2017-01-04,815,14896,,3,1,4,4302,0,2,4,,2,510,SAN TOMAS EXPWY N/B,HAMILTON AVENUE,1000,S,N,B,C,N,,,,,,,,,,Y,4,0,1,4,A,-,3,22350,,N,C,C,A,B,H,-,A,A,0,,,,,Y,,A,1,0,0,1,0,0,0,0,0,0,-,-,37.2927,-121.96039,SANTA CLARA,CAMPBELL,-121.96071803,37.29158583
90363290,2017,2017-01-06,9340,2017-01-03,1340,21348,,2,1,7,4313,0,1,1,,2,281,I-280 S/B,1ST ST,100,S,N,C,-,Y,,,,,,,,,,Y,4,0,1,2,A,-,3,22350,,N,D,C,A,B,H,-,A,D,0,,,,,Y,,D,22,0,0,1,0,0,0,0,0,0,-,-,37.1934,-121.52583,SANTA CLARA,SAN JOSE,-121.88333498,37.32595293
90363215,2017,2017-02-16,9340,2017-01-03,1740,20507,,2,2,7,4313,0,1,3,,2,83,SR-85 N/B,BLOSSOM HILL RD,4000,S,N,C,-,Y,,,,,,,,,,Y,4,0,1,3,A,-,7,21658,A,N,B,C,A,B,H,-,C,D,0,,,,Y,Y,,A,1,0,0,1,0,0,0,0,0,0,-,-,37.14405,-121.49265,SANTA CLARA,SAN JOSE,-121.83651,37.25075
90363183,2017,2017-01-06,9340,2017-01-02,1210,21347,,1,1,7,4313,0,1,1,,2,281,I-280 N/B,11TH ST U/C,2075,S,N,C,-,Y,,,280,,,,,,N,N,4,0,1,2,A,-,3,22350,,N,C,C,A,B,H,-,A,D,0,,,,,Y,,A,1,0,0,1,0,0,0,0,0,0,-,-,37.33162,-121.86515,SANTA CLARA,SAN JOSE,-121.86520043,37.33170167
90362999,2017,2017-02-16,9340,2017-01-01,1958,20684,,7,2,6,4316,0,2,4,,2,610,LAWRENCE EXPRESSWAY N/B,MONROE ST.,0,,Y,B,-,N,,,,,,,,,,Y,4,0,2,2,A,-,0,21453,,N,D,C,A,B,H,-,C,D,0,,,,,Y,,A,7,0,0,2,0,0,0,0,0,0,-,-,37.36668,-121.99557,SANTA CLARA,SUNNYVALE,-121.99601999,37.36685988
90362507,2017,2017-01-05,9340,2017-01-01,2110,21017,,7,2,7,4313,0,1,2,,2,120,US101 N/B,LAWRENCE EXPY,400,S,N,B,-,Y,,,,,,,,,,Y,3,0,1,1,A,-,3,22350,,N,F,A,A,B,H,-,D,D,0,,,,,Y,,A,1,0,1,0,0,0,0,0,0,0,-,-,37.39125,-121.99443,SANTA CLARA,SAN JOSE,-121.99481415,37.39093648
90362269,2017,2017-03-13,9725,2017-01-03,1850,20120,,2,2,9,4300,0,3,5,,2,1,BUENA VISTA AVE.,NEW AVE.,0,,Y,B,C,N,,,,,,,,,,Y,4,0,2,2,A,-,9,21802,A,N,D,C,A,B,H,-,D,A,0,,,,,Y,,A,1,0,0,2,0,0,0,0,0,0,-,-,37.05259,-121.54819,SANTA CLARA,UNINCORPORATED,-121.54795992,37.05261001
90362194,2017,2017-03-13,9725,2017-01-01,1820,20276,,7,2,9,4300,0,3,5,,2,1,DRYDEN AVE,LLAMA LN,60,W,N,A,-,N,,,,,,,,,,Y,3,0,1,1,A,-,1,23152,A,N,E,I,A,A,H,-,D,D,0,,,,,Y,Y,A,1,0,1,0,0,0,0,0,0,0,-,-,37.04368,-121.52093,SANTA CLARA,UNINCORPORATED,-121.52060195,37.0437058
8474939,2017,2017-11-16,4313,2017-01-19,1210,3655,DR,4,5,7,4313,0,0,0,,0,0R2,OAKLAND RD,FOX LN,0,,N,A,-,N,,,,,,,,,,Y,4,0,2,2,D,-,0,,,N,C,C,A,A,H,-,A,A,0,,,,,Y,,-,-,0,0,2,0,0,0,0,0,0,-,-,37.23189,-121.53597,SANTA CLARA,SAN JOSE,-121.89999993,37.38857996
8404584,2017,2018-05-08,4314,2017-01-13,1001,K1427,43471,5,5,6,4314,0,0,0,,0,6,AGNEW RD,LAFAYETTE ST,46,W,N,A,-,N,,,,,,,,,,Y,1,1,0,1,A,-,0,22526,D,N,D,F,A,A,H,-,A,A,0,,,,,Y,,A,1,0,0,0,0,0,0,0,0,0,-,-,37.39493,-121.95858,SANTA CLARA,SANTA CLARA,-121.95883837,37.3948385
8376558,2017,2017-06-02,4305,2017-01-11,900,D0559,,3,5,4,4305,0,0,0,,0,,OAK AV,HARWALT DR,12,E,N,B,-,N,,,,,,,,,,N,3,0,1,2,A,-,8,22107,,N,D,G,A,B,H,-,A,A,0,,Y,,,Y,,A,7,0,1,0,0,0,0,1,0,0,-,-,,,SANTA CLARA,LOS ALTOS,-122.0651687,37.35678969
8374410,2017,2017-06-01,4314,2017-02-08,1830,K1427,43471,3,5,6,4314,0,0,0,,0,2,PRUNERIDGE AV,CYPRESS AV,0,,Y,B,-,N,,,,,,,,,,Y,4,0,2,2,A,-,9,21801,A,N,A,C,A,A,H,-,C,A,0,,,,,Y,,A,1,0,0,2,0,0,0,0,0,0,-,-,37.33002,-121.95994,SANTA CLARA,SANTA CLARA,-121.95985995,37.32995002
8374406,2017,2017-06-01,4314,2017-02-09,1850,A1509,,4,5,6,4314,0,0,0,,0,,MONROE ST,FRANCIS AV,0,,Y,C,-,N,,,,,,,,,,N,3,0,4,2,A,-,3,22350,,N,A,C,A,B,H,-,C,D,0,,,,,Y,,A,7,0,1,3,0,0,0,0,0,0,-,-,37.3634,-121.98072,SANTA CLARA,SANTA CLARA,-121.98124988,37.36375989
8370950,2017,2017-06-19,4300,2017-01-28,2215,1895,C4,6,5,5,4303,0,0,0,,0,81C4,DE ANZA BL,INFINITE LOOP,52,N,N,A,-,N,,,,,,,,,,Y,2,0,1,2,A,-,11,21954,A,N,G,B,D,A,A,H,C,D,0,Y,,,,Y,,N,60,1,0,0,0,1,0,0,0,0,-,-,37.33152,-122.03214,SANTA CLARA,CUPERTINO,-122.03217255,37.33183284
8370889,2017,2017-06-19,4300,2017-01-15,1925,2203,C3,7,5,5,4303,0,0,0,,0,81C1,HOMESTEAD RD,SUNNYVALE SARATOGA RD,0,,Y,A,-,N,,,,,,,,,,N,3,0,1,2,A,-,9,21453,B,N,H,G,A,A,H,-,C,A,0,,Y,,,Y,,A,1,0,1,0,0,0,0,1,0,0,-,-,37.33772,-122.03236,SANTA CLARA,CUPERTINO,,
8369764,2017,2017-06-02,4314,2017-02-08,1634,K1427,43471,3,5,6,4314,0,0,0,,0,6,MISSION COLLEGE BL,JULIETTA LN,35,E,N,B,-,N,,,,,,,,,,N,4,0,1,2,A,-,3,22350,,N,C,C,A,A,H,-,A,D,0,,,,,Y,,A,1,0,0,1,0,0,0,0,0,0,-,-,37.38891,-121.96674,SANTA CLARA,SANTA CLARA,,
8367231,2017,2017-05-23,4314,2017-02-07,953,V7929,,2,5,6,4314,0,0,0,,0,,EL CAMINO REAL,ALVISO ST,148,E,N,B,C,N,,,82,,,,,,,Y,4,0,1,2,A,-,3,22350,,N,B,C,A,B,H,-,A,D,0,,,,,Y,,A,1,0,0,1,0,0,0,0,0,0,-,-,37.35568,-121.94462,SANTA CLARA,SANTA CLARA,-121.94456471,37.35556152
8367227,2017,2017-05-23,4314,2017-02-08,1214,V7929,43471,3,5,6,4314,0,0,0,,0,2,KIELY BL,EL SOBRANTE ST,0,,Y,B,-,N,,,,,,,,,,Y,4,0,2,2,A,-,3,22350,,N,C,C,A,B,H,-,A,D,0,,,,,Y,,A,1,0,0,2,0,0,0,0,0,0,-,-,37.34906,-121.97782,SANTA CLARA,SANTA CLARA,-121.97763993,37.34911011
8367215,2017,2017-05-23,4314,2017-02-07,555,V7929,43471,2,5,6,4314,0,0,0,,0,3,LAFAYETTE ST,HARRISON ST,94,S,N,B,C,N,,,,,,,,,,N,3,0,1,2,A,-,8,22107,,N,C,I,A,B,H,-,C,D,0,,,,,Y,,A,1,0,1,0,0,0,0,0,0,0,-,-,37.35309,-121.94511,SANTA CLARA,SANTA CLARA,-121.94485815,37.35276419
8367211,2017,2017-05-23,4314,2017-02-07,709,V7929,43471,2,5,6,4314,0,0,0,,0,2,KAREN DR,PATRICIA DR,306,S,N,B,C,N,,,,,,,,,,N,3,0,1,2,B,-,22,,,N,G,B,F,B,H,-,A,D,0,Y,,,,Y,,A,1,0,1,0,0,1,0,0,0,0,-,-,37.34334,-121.96946,SANTA CLARA,SANTA CLARA,-121.96941789,37.34248004
8359021,2017,2017-05-09,4314,2017-01-03,1343,A1509,43471,2,5,6,4314,0,0,0,,0,3,LAFAYETTE ST,HOMESTEAD RD,0,,Y,C,-,N,,,,,,,,,,Y,3,0,1,2,A,-,9,21801,A,N,D,C,A,B,H,-,A,A,0,,,,,Y,,A,7,0,1,0,0,0,0,0,0,0,-,-,37.3493,-121.9341,SANTA CLARA,SANTA CLARA,-121.94287993,37.34927001